{
  "__type__": "cc.SpriteFrame",
  "content": {
    "name": "hand2",
    "atlas": "",
    "rect": {
      "x": 55,
      "y": 81,
      "width": 243,
      "height": 209
    },
    "offset": {
      "x": -7,
      "y": -3
    },
    "originalSize": {
      "width": 367,
      "height": 365
    },
    "rotated": false,
    "capInsets": [
      0,
      0,
      0,
      0
    ],
    "vertices": {
      "rawPosition": [
        -121.5,
        -104.5,
        0,
        121.5,
        -104.5,
        0,
        -121.5,
        104.5,
        0,
        121.5,
        104.5,
        0
      ],
      "indexes": [
        0,
        1,
        2,
        2,
        1,
        3
      ],
      "uv": [
        55,
        284,
        298,
        284,
        55,
        75,
        298,
        75
      ],
      "nuv": [
        0.14986376021798364,
        0.2054794520547945,
        0.8119891008174387,
        0.2054794520547945,
        0.14986376021798364,
        0.7780821917808219,
        0.8119891008174387,
        0.7780821917808219
      ],
      "minPos": {
        "x": -121.5,
        "y": -104.5,
        "z": 0
      },
      "maxPos": {
        "x": 121.5,
        "y": 104.5,
        "z": 0
      }
    },
    "texture": "daa93ee1-e6b6-43b2-ac38-d0e8f80cc039@6c48a",
    "packable": true,
    "pixelsToUnit": 100,
    "pivot": {
      "x": 0.5,
      "y": 0.5
    },
    "meshType": 0
  }
}