{
  "__type__": "cc.SpriteFrame",
  "content": {
    "name": "smokepuff",
    "atlas": "",
    "rect": {
      "x": 66,
      "y": 68,
      "width": 133,
      "height": 135
    },
    "offset": {
      "x": -3.5,
      "y": 0.5
    },
    "originalSize": {
      "width": 272,
      "height": 272
    },
    "rotated": false,
    "capInsets": [
      0,
      0,
      0,
      0
    ],
    "vertices": {
      "rawPosition": [
        -66.5,
        -67.5,
        0,
        66.5,
        -67.5,
        0,
        -66.5,
        67.5,
        0,
        66.5,
        67.5,
        0
      ],
      "indexes": [
        0,
        1,
        2,
        2,
        1,
        3
      ],
      "uv": [
        66,
        204,
        199,
        204,
        66,
        69,
        199,
        69
      ],
      "nuv": [
        0.2426470588235294,
        0.2536764705882353,
        0.7316176470588235,
        0.2536764705882353,
        0.2426470588235294,
        0.75,
        0.7316176470588235,
        0.75
      ],
      "minPos": {
        "x": -66.5,
        "y": -67.5,
        "z": 0
      },
      "maxPos": {
        "x": 66.5,
        "y": 67.5,
        "z": 0
      }
    },
    "texture": "f77d7dfb-0b82-49c5-b7b1-56cc0354bb86@6c48a",
    "packable": true,
    "pixelsToUnit": 100,
    "pivot": {
      "x": 0.5,
      "y": 0.5
    },
    "meshType": 0
  }
}