{
  "__type__": "cc.SpriteFrame",
  "content": {
    "name": "hand1",
    "atlas": "",
    "rect": {
      "x": 70,
      "y": 61,
      "width": 228,
      "height": 229
    },
    "offset": {
      "x": 0.5,
      "y": 7
    },
    "originalSize": {
      "width": 367,
      "height": 365
    },
    "rotated": false,
    "capInsets": [
      0,
      0,
      0,
      0
    ],
    "vertices": {
      "rawPosition": [
        -114,
        -114.5,
        0,
        114,
        -114.5,
        0,
        -114,
        114.5,
        0,
        114,
        114.5,
        0
      ],
      "indexes": [
        0,
        1,
        2,
        2,
        1,
        3
      ],
      "uv": [
        70,
        304,
        298,
        304,
        70,
        75,
        298,
        75
      ],
      "nuv": [
        0.1907356948228883,
        0.2054794520547945,
        0.8119891008174387,
        0.2054794520547945,
        0.1907356948228883,
        0.8328767123287671,
        0.8119891008174387,
        0.8328767123287671
      ],
      "minPos": {
        "x": -114,
        "y": -114.5,
        "z": 0
      },
      "maxPos": {
        "x": 114,
        "y": 114.5,
        "z": 0
      }
    },
    "texture": "acb16a77-d027-480f-b3e7-b72496c8759e@6c48a",
    "packable": true,
    "pixelsToUnit": 100,
    "pivot": {
      "x": 0.5,
      "y": 0.5
    },
    "meshType": 0
  }
}