{
  "__type__": "cc.SpriteFrame",
  "content": {
    "name": "Card_Back_D",
    "atlas": "",
    "rect": {
      "x": 1,
      "y": 1,
      "width": 135,
      "height": 184
    },
    "offset": {
      "x": 0,
      "y": 0
    },
    "originalSize": {
      "width": 137,
      "height": 186
    },
    "rotated": false,
    "capInsets": [
      0,
      0,
      0,
      0
    ],
    "vertices": {
      "rawPosition": [
        -67.5,
        -92,
        0,
        67.5,
        -92,
        0,
        -67.5,
        92,
        0,
        67.5,
        92,
        0
      ],
      "indexes": [
        0,
        1,
        2,
        2,
        1,
        3
      ],
      "uv": [
        1,
        185,
        136,
        185,
        1,
        1,
        136,
        1
      ],
      "nuv": [
        0.0072992700729927005,
        0.005376344086021506,
        0.9927007299270073,
        0.005376344086021506,
        0.0072992700729927005,
        0.9946236559139785,
        0.9927007299270073,
        0.9946236559139785
      ],
      "minPos": {
        "x": -67.5,
        "y": -92,
        "z": 0
      },
      "maxPos": {
        "x": 67.5,
        "y": 92,
        "z": 0
      }
    },
    "texture": "e5463e61-61ba-4a90-83ad-07bd7654a5e9@6c48a",
    "packable": true,
    "pixelsToUnit": 100,
    "pivot": {
      "x": 0.5,
      "y": 0.5
    },
    "meshType": 0
  }
}