{
  "__type__": "cc.SpriteFrame",
  "content": {
    "name": "head",
    "atlas": "",
    "rect": {
      "x": 2,
      "y": 0,
      "width": 981,
      "height": 251
    },
    "offset": {
      "x": 0,
      "y": 0
    },
    "originalSize": {
      "width": 985,
      "height": 251
    },
    "rotated": false,
    "capInsets": [
      0,
      0,
      0,
      0
    ],
    "vertices": {
      "rawPosition": [
        -490.5,
        -125.5,
        0,
        490.5,
        -125.5,
        0,
        -490.5,
        125.5,
        0,
        490.5,
        125.5,
        0
      ],
      "indexes": [
        0,
        1,
        2,
        2,
        1,
        3
      ],
      "uv": [
        2,
        251,
        983,
        251,
        2,
        0,
        983,
        0
      ],
      "nuv": [
        0.0020304568527918783,
        0,
        0.9979695431472081,
        0,
        0.0020304568527918783,
        1,
        0.9979695431472081,
        1
      ],
      "minPos": {
        "x": -490.5,
        "y": -125.5,
        "z": 0
      },
      "maxPos": {
        "x": 490.5,
        "y": 125.5,
        "z": 0
      }
    },
    "texture": "38a9f9aa-2e91-4741-a29d-131920957385@6c48a",
    "packable": true,
    "pixelsToUnit": 100,
    "pivot": {
      "x": 0.5,
      "y": 0.5
    },
    "meshType": 0
  }
}