{
  "__type__": "cc.SpriteFrame",
  "content": {
    "name": "upLight01",
    "atlas": "",
    "rect": {
      "x": 0,
      "y": 9,
      "width": 33,
      "height": 41
    },
    "offset": {
      "x": 0,
      "y": -0.5
    },
    "originalSize": {
      "width": 33,
      "height": 58
    },
    "rotated": false,
    "capInsets": [
      0,
      0,
      0,
      0
    ],
    "vertices": {
      "rawPosition": [
        -16.5,
        -20.5,
        0,
        16.5,
        -20.5,
        0,
        -16.5,
        20.5,
        0,
        16.5,
        20.5,
        0
      ],
      "indexes": [
        0,
        1,
        2,
        2,
        1,
        3
      ],
      "uv": [
        0,
        49,
        33,
        49,
        0,
        8,
        33,
        8
      ],
      "nuv": [
        0,
        0.13793103448275862,
        1,
        0.13793103448275862,
        0,
        0.8448275862068966,
        1,
        0.8448275862068966
      ],
      "minPos": {
        "x": -16.5,
        "y": -20.5,
        "z": 0
      },
      "maxPos": {
        "x": 16.5,
        "y": 20.5,
        "z": 0
      }
    },
    "texture": "f2558223-6d62-4ada-a9aa-c8bec42782fa@6c48a",
    "packable": true,
    "pixelsToUnit": 100,
    "pivot": {
      "x": 0.5,
      "y": 0.5
    },
    "meshType": 0
  }
}