{
  "__type__": "cc.SpriteFrame",
  "content": {
    "name": "logo",
    "atlas": "",
    "rect": {
      "x": 4,
      "y": 3,
      "width": 749,
      "height": 289
    },
    "offset": {
      "x": 0,
      "y": 0
    },
    "originalSize": {
      "width": 757,
      "height": 295
    },
    "rotated": false,
    "capInsets": [
      0,
      0,
      0,
      0
    ],
    "vertices": {
      "rawPosition": [
        -374.5,
        -144.5,
        0,
        374.5,
        -144.5,
        0,
        -374.5,
        144.5,
        0,
        374.5,
        144.5,
        0
      ],
      "indexes": [
        0,
        1,
        2,
        2,
        1,
        3
      ],
      "uv": [
        4,
        292,
        753,
        292,
        4,
        3,
        753,
        3
      ],
      "nuv": [
        0.005284015852047556,
        0.010169491525423728,
        0.9947159841479525,
        0.010169491525423728,
        0.005284015852047556,
        0.9898305084745763,
        0.9947159841479525,
        0.9898305084745763
      ],
      "minPos": {
        "x": -374.5,
        "y": -144.5,
        "z": 0
      },
      "maxPos": {
        "x": 374.5,
        "y": 144.5,
        "z": 0
      }
    },
    "texture": "c50211a7-a5ac-4f80-a146-5a7fd89156a2@6c48a",
    "packable": true,
    "pixelsToUnit": 100,
    "pivot": {
      "x": 0.5,
      "y": 0.5
    },
    "meshType": 0
  }
}