{
  "__type__": "cc.SpriteFrame",
  "content": {
    "name": "particle_texture",
    "atlas": "",
    "rect": {
      "x": 20,
      "y": 3,
      "width": 50,
      "height": 81
    },
    "offset": {
      "x": 0,
      "y": 1.5
    },
    "originalSize": {
      "width": 90,
      "height": 90
    },
    "rotated": false,
    "capInsets": [
      0,
      0,
      0,
      0
    ],
    "vertices": {
      "rawPosition": [
        -25,
        -40.5,
        0,
        25,
        -40.5,
        0,
        -25,
        40.5,
        0,
        25,
        40.5,
        0
      ],
      "indexes": [
        0,
        1,
        2,
        2,
        1,
        3
      ],
      "uv": [
        20,
        87,
        70,
        87,
        20,
        6,
        70,
        6
      ],
      "nuv": [
        0.2222222222222222,
        0.06666666666666667,
        0.7777777777777778,
        0.06666666666666667,
        0.2222222222222222,
        0.9666666666666667,
        0.7777777777777778,
        0.9666666666666667
      ],
      "minPos": {
        "x": -25,
        "y": -40.5,
        "z": 0
      },
      "maxPos": {
        "x": 25,
        "y": 40.5,
        "z": 0
      }
    },
    "texture": "9e4a1e6f-577b-42f9-99a1-906c9a0002c8@6c48a",
    "packable": true,
    "pixelsToUnit": 100,
    "pivot": {
      "x": 0.5,
      "y": 0.5
    },
    "meshType": 0
  }
}