{
  "__type__": "cc.SpriteFrame",
  "content": {
    "name": "Card_Back",
    "atlas": "",
    "rect": {
      "x": 1,
      "y": 1,
      "width": 188,
      "height": 256
    },
    "offset": {
      "x": 0,
      "y": 0
    },
    "originalSize": {
      "width": 190,
      "height": 258
    },
    "rotated": false,
    "capInsets": [
      0,
      0,
      0,
      0
    ],
    "vertices": {
      "rawPosition": [
        -94,
        -128,
        0,
        94,
        -128,
        0,
        -94,
        128,
        0,
        94,
        128,
        0
      ],
      "indexes": [
        0,
        1,
        2,
        2,
        1,
        3
      ],
      "uv": [
        1,
        257,
        189,
        257,
        1,
        1,
        189,
        1
      ],
      "nuv": [
        0.005263157894736842,
        0.003875968992248062,
        0.9947368421052631,
        0.003875968992248062,
        0.005263157894736842,
        0.9961240310077519,
        0.9947368421052631,
        0.9961240310077519
      ],
      "minPos": {
        "x": -94,
        "y": -128,
        "z": 0
      },
      "maxPos": {
        "x": 94,
        "y": 128,
        "z": 0
      }
    },
    "texture": "22142ce7-f4ce-487a-9010-b71661cc8ae1@6c48a",
    "packable": true,
    "pixelsToUnit": 100,
    "pivot": {
      "x": 0.5,
      "y": 0.5
    },
    "meshType": 0
  }
}